{
    "Date/Time": " Sat Dec 13 05:02:46 GMT 2014 (UTC)",
    "License Name": "6 AP Management",
    "Max APs": "6",
    "Max clients": "1250",
    "Model": "ZD1200",
    "SN": "171406000197",
    "Uptime": "11 days,  8:31",
    "Version": "9.8.0.0 BUILD=13995171",
    "children": [
        {
            "AP Reboot": "2",
            "APIP": "192.168.0.30",
            "APMAC": "58:93:96:1e:85:a0",
            "HW/SW Version": "14.0.0.0 / 9.8.0.0.329",
            "Mesh Role": "Undefined",
            "Model/Serial Num": "zf7363 / 921204002145",
            "Name": "RuckusAP",
            "PSK": "6/m*BV$LDZZw-z!HV5AiL7XfT3dq9^JR",
            "State": "RUN",
            "Timer": "HeartBeat, expires in 23 secs",
            "Tunnel/Sec Mode": "L3 (Unknown) / PSK",
            "ZoneDir found by": "Last ZoneDir Joined",
            "children": [],
            "fragment MTU": "1500",
            "mac": "58:93:96:1e:85:a0",
            "offset": "fc00::1",
            "reboot details": "apmgr, Update AP's Firmware completely",
            "reboot reason": "application reboot",
            "retry fail count": "0",
            "rx fragment count": "0",
            "rx message count": "268",
            "rx packet count": "268",
            "status": "connected",
            "tx fragment count": "6",
            "tx message count": "51",
            "tx packet count": "55",
            "type": "AP"
        },
        {
            "AP Reboot": "2",
            "APIP": "192.168.0.30",
            "APMAC": "58:93:96:1e:85:a0",
            "HW/SW Version": "14.0.0.0 / 9.8.0.0.329",
            "Mesh Role": "Undefined",
            "Model/Serial Num": "zf7363 / 921204002145",
            "Name": "RuckusAP",
            "PSK": "6/m*BV$LDZZw-z!HV5AiL7XfT3dq9^JR",
            "State": "RUN",
            "Timer": "HeartBeat, expires in 23 secs",
            "Tunnel/Sec Mode": "L3 (Unknown) / PSK",
            "ZoneDir found by": "Last ZoneDir Joined",
            "children": [],
            "fragment MTU": "1500",
            "mac": "58:93:96:1e:85:a0",
            "offset": "fc00::1",
            "reboot details": "apmgr, Update AP's Firmware completely",
            "reboot reason": "application reboot",
            "retry fail count": "0",
            "rx fragment count": "0",
            "rx message count": "268",
            "rx packet count": "268",
            "status": "connected",
            "tx fragment count": "6",
            "tx message count": "51",
            "tx packet count": "55",
            "type": "AP"
        },
        {
            "AP Reboot": "2",
            "APIP": "192.168.0.30",
            "APMAC": "58:93:96:1e:85:a0",
            "HW/SW Version": "14.0.0.0 / 9.8.0.0.329",
            "Mesh Role": "Undefined",
            "Model/Serial Num": "zf7363 / 921204002145",
            "Name": "RuckusAP",
            "PSK": "6/m*BV$LDZZw-z!HV5AiL7XfT3dq9^JR",
            "State": "RUN",
            "Timer": "HeartBeat, expires in 23 secs",
            "Tunnel/Sec Mode": "L3 (Unknown) / PSK",
            "ZoneDir found by": "Last ZoneDir Joined",
            "children": [],
            "fragment MTU": "1500",
            "mac": "58:93:96:1e:85:a0",
            "offset": "fc00::1",
            "reboot details": "apmgr, Update AP's Firmware completely",
            "reboot reason": "application reboot",
            "retry fail count": "0",
            "rx fragment count": "0",
            "rx message count": "268",
            "rx packet count": "268",
            "status": "connected",
            "tx fragment count": "6",
            "tx message count": "51",
            "tx packet count": "55",
            "type": "AP"
        }
    ],
    "type": "Zone Director"
}